station,uncertain01,uncertain02,lat,lon,pop_uncer
2,1.4143150533916,0.000477398463279988,41.872638,-87.623979,1.7247390079904
3,4.66371976608711,0.276939177393,41.8672259568,-87.6153553902,1.59471457415073
4,4.26007367836973,0.254710287527,41.856268,-87.613348,0.600602269644483
5,1.9514357436576,0.000330923485799994,41.874053,-87.627716,2.18716640605263
6,9.24724797709248,0.5417821124251,41.8850419923,-87.6127945394,3.94600913716155
7,1.70556341816747,0.00396752382099996,41.8863490627,-87.6175165471,0
9,0.879048672826516,0.000330923392699911,41.8287920199,-87.6806044594,0.175420228466928
11,2.64626656674454,0.000330923663000027,41.766638237,-87.5764501141,2.01406672764004
12,2.11217773683096,0.000330923477580014,41.7664094567,-87.5656875719,1.20951843203755
13,2.46277430962697,0.000330923272889971,41.932418,-87.652705,2.33340533138614
14,1.43100635232683,0.000330923421399953,41.858086,-87.651073,1.54525442655013
15,1.77843966465946,0.000330923621699952,41.858166,-87.656495,2.82658392428893
16,2.21787350978668,0.000330923184731935,41.910337,-87.670072,3.88887409902945
17,2.47233602860894,0.000330923759057966,41.90332,-87.67273,1.60734178621067
18,0.916291068093361,0.000330923066309885,41.8832715925,-87.6373132869,2.48774692745264
19,1.86137097032022,0.000330923755100021,41.869417,-87.660996,2.68368271246056
20,0.909241052057871,0.000330923832399965,41.910522,-87.653106,1.03733346549804
21,1.08589229289011,0.000330923436099972,41.87772613,-87.65478743,3.25577470784801
22,1.08725253416823,0.000330923748499967,41.8694821,-87.6554864,2.16179150202922
23,2.63031677044855,0.000330923310781994,41.902924,-87.637715,3.41887061306782
24,2.90434367555596,0.0051113559232,41.89186,-87.62062,3.83721883800792
25,4.6953328146821,0.000330923060710031,41.89766,-87.62351,1.70157283378238
26,3.08409525555088,0.0281215556075199,41.89102,-87.6173,2.49757205044462
27,1.84075285398774,0.000330923638599989,41.91021,-87.6435,2.06938105567959
28,2.1616370164011,0.000330923781589054,41.91468,-87.64332,1.18412566254788
29,1.5808219357161,0.000330923084000068,41.90068,-87.6626,3.31293153256821
30,2.58661504971595,0.000330923323358934,41.899643,-87.6677,2.05379990165791
31,1.8621784698136,0.000330923593400034,41.896776,-87.635633,1.98017847471655
32,1.19317679223768,0.000330923559531016,41.87464,-87.65703,0.608191973938343
33,0.899439416569966,0.000330923709599973,41.877181,-87.627844,2.06516882581571
34,1.52906528506014,0.0265311178810199,41.9267559875,-87.6344287848,0.83678871591121
35,5.84384545690016,0.2952263053408,41.892278,-87.612043,0.990407648958941
36,0.897973858613697,0.000330924096199947,41.8777079559,-87.6353211408,0.739505795601842
37,0.604607947597717,0.000330919643580008,41.8793563587,-87.6297910363,2.4700600944271
38,0.845933334721057,0.000330922978859949,41.8860208277,-87.6308760584,1.91707389627758
39,0.610633880538494,0.000330923811159956,41.8794723523,-87.6256886059,0.279370107046919
40,0.674755195459913,0.000330932043000054,41.8793443735,-87.6319852213,1.60690899484407
41,2.34979264999332,0.00033092397746004,41.8720776329,-87.6295437729,1.13143956635346
42,1.07875871744046,0.000330923955700002,41.852619,-87.626488,1.41246810004923
43,0.94151110774739,0.000330923420200024,41.8838927658,-87.6246491409,1.23042685616081
44,0.856734218569006,0.00033092346843,41.8847302006,-87.6277335692,2.59188338151312
45,0.796474572552736,0.000330923744400025,41.876243,-87.624426,1.15917026055423
46,3.31461451062254,0.000330923452020015,41.89993001,-87.63443007,2.77115826637375
47,1.76418562552807,0.000330923494750057,41.88918,-87.6277,2.22276796076103
48,1.19531809323163,0.00033092350130004,41.897764,-87.642884,2.94624336162762
49,0.58232015261872,0.000330923604139999,41.881319815,-87.6295209193,2.09426053167254
50,1.43662554404998,0.000330923736200028,41.8759326655,-87.6305845355,3.27786549342652
51,0.57117650776062,0.000330923335519984,41.884576228,-87.63188991,0.480148654325287
52,1.20982011146519,0.000330923769329972,41.886024,-87.624117,1.57601923733896
53,1.93132488090017,0.000330922923040933,41.894729,-87.633775,2.15871283153834
54,0.842223653177807,0.000330923268899941,41.896362458,-87.6540612729,0.271408286953966
55,0.621929504177534,0.00033092345337904,41.867324,-87.648625,0.686565340500677
56,0.869055248894366,0.00033092304278004,41.888716036,-87.6444478533,1.08707030383823
57,0.384124522238111,0.000330923680999962,41.8671177825,-87.6410879593,0.269355358728753
58,0.797131945452408,0.000330923273969996,41.916017,-87.668879,1.57912470558305
59,1.35522077646934,0.000330923651781001,41.867227,-87.625961,0.114682986989918
60,1.17370541625188,0.000330923663700022,41.9105780349,-87.6494219288,4.62403564004252
61,2.61641537680561,0.000330923425099994,41.907655,-87.672552,1.89009266284879
62,0.415787435329584,0.000330923641000069,41.8513751729,-87.6188346489,0.795136792600578
66,1.06529944516599,0.000330922495521802,41.885637,-87.641823,1.26795598402463
67,2.18323001450422,0.000330923602875011,41.9256018819,-87.6537080423,1.14591842556812
68,0.78282770402521,0.000330924084519957,41.875885,-87.640795,0.986503482378718
69,2.07291517706814,0.000330923553850004,41.9093960065,-87.6776919292,2.49049553077702
71,0.739323496357354,0.000330923332801936,41.8854833079,-87.6523048564,2.79007234136877
72,0.906357403437043,0.000330923338999978,41.860384,-87.625813,0.77980128293965
73,1.920650470893,0.000330923573540032,41.880422,-87.642746,1.10243718604323
74,1.26800772448091,0.000330923339499023,41.893882,-87.641711,1.19831900760648
75,1.69990166910169,0.000330924108799979,41.878534,-87.640978,0.887525016434035
76,5.82366492056417,0.33777574480023,41.880958,-87.616743,1.50544085971879
77,1.78425017776292,0.000330905858219932,41.882242,-87.641066,1.40773408032976
80,1.01879743429327,0.000330923624499935,41.88042,-87.655599,0.615455913234177
81,0.684181779784949,0.000330923124119975,41.884241,-87.629634,0.438063993637094
84,0.801146976027398,0.000330923499400115,41.891,-87.645925,0.48088934611603
85,7.23159264943393,0.119763252938942,41.90096039,-87.62377664,0.914889912535761
86,1.70966342318514,0.000330923199560074,41.89637337,-87.66098386,2.75578256030609
87,2.18389642820742,0.000330923770489044,41.92556258,-87.65840426,1.03593247562239
88,0.692515643946668,0.000330923218999968,41.88397,-87.655688,0.95527014973693
89,1.40622514496126,0.000330923976915032,41.8750091349,-87.6331058189,1.42940993911555
90,0.723009555087561,0.000330924041039959,41.8810317,-87.62408432,1.75349149531426
91,1.70241861563358,0.000330922945720014,41.88338,-87.64117,1.42942333776906
92,0.991341161299926,0.000330923603335975,41.894556,-87.653449,1.62023675627707
93,1.40445961707746,0.000330923524220039,41.913688,-87.652855,3.57831681993081
94,1.99269155992008,0.000330922748679963,41.918306,-87.636282,4.1125763082783
95,0.511305824989861,0.000330923212000012,41.7787005713,-87.5867876179,1.7226864881187
96,1.21500426966196,0.000330923075394951,41.8846161896,-87.6445705849,0.35595154918231
97,0.516848726542925,0.000638885771199971,41.865312,-87.617867,1.68487184609882
98,0.556082747274319,0.000330922868606032,41.882664,-87.63253,2.25429127392545
99,5.30271218201496,0.2108006561243,41.89257,-87.614492,2.66320697127964
100,1.01354165883328,0.000330923256870008,41.888243,-87.63639,1.88211025472457
101,2.6751807727124,0.143701631022,41.781016372,-87.5761197602,2.1527740101065
102,1.44422783027008,0.000330923371799963,41.7734584995,-87.5853397391,0.746765323412536
103,0.445706140196305,0.000330923684999984,41.8714665178,-87.6409491327,2.14540293512542
106,4.2785025871283,0.000330923495441948,41.897448,-87.628722,1.07682132176659
107,1.58422080149927,0.000330923956859963,41.878287,-87.643909,1.04377642995253
108,0.494183590679197,0.000330923505700076,41.87184,-87.64664,0.921828196150234
109,0.709558415926949,0.000330923737024036,41.874675,-87.650019,0.0763864652453745
110,3.17415099973273,0.000330923600066813,41.893992,-87.629318,1.56283875356269
111,1.39624352290284,0.000330923208409994,41.894666,-87.638437,1.06245847698126
112,0.994000190650247,0.000330923018620033,41.883668,-87.64867,2.01142531488233
113,1.67492323156668,0.00033092343626806,41.91844,-87.65222,1.57728199116147
114,2.21483612868483,0.000330923117764503,41.949399,-87.654529,1.65901066407285
115,2.74250291585734,0.000330923239139636,41.936266,-87.652662,1.51757721898532
116,2.03648013111939,0.000330923450823195,41.91552,-87.687022,2.91030716406948
117,2.44250996392213,0.00033092346568997,41.94018,-87.65304,0.634967868283586
118,3.30776562204011,0.000330923595783017,41.911386,-87.638677,1.85048432667672
119,0.801639351534988,0.000330923392479976,41.88541,-87.66732,2.66289019344998
120,1.5547126311905,0.000330923287638951,41.853605,-87.631886,4.16950132277315
121,2.3160869413441,0.000330923575245778,41.802562,-87.590368,1.32753581037688
122,1.00671857130137,0.000330923275700057,41.87501,-87.67328,1.33165860582369
123,2.39678798662217,0.000330923277100048,41.922695,-87.697153,0.547188771888554
124,1.93495154941386,0.000330923405551964,41.855048,-87.675726,1.75696276121121
125,2.139406979514,0.000330923344567968,41.890011,-87.626293,3.66914315939123
126,3.49660826382353,0.000330923013888929,41.911974,-87.631942,3.12196658822403
127,2.21847976805292,0.000330923716370002,41.925905,-87.64926,2.52040358180291
128,2.06945997258476,0.000330923338809019,41.895769,-87.67722,5.1420627714299
129,1.76545614138476,0.000330923476610012,41.857556,-87.661535,1.77237877255607
130,2.02924736182241,0.000330923556529972,41.90331,-87.67695,0.893133661382709
131,1.8641430628037,0.00033092323452999,41.939365,-87.668385,1.21618002491244
132,1.28871489935114,0.000330923307257147,41.849237,-87.631715,1.8422833981102
133,1.10057907732703,0.000330921684440044,41.8891768326,-87.6385057718,1.75760982484069
134,1.00299611247925,0.000330923609019984,41.877749,-87.649633,1.81911264866513
135,1.11827165120841,0.000330923551373985,41.85378,-87.64665,2.00831527140119
136,1.45005754190483,0.000330923455689969,41.865054,-87.656959,1.09855077561261
137,1.01992485743024,0.000330923397789951,41.862378,-87.651062,2.03787996503135
138,2.00244537116213,0.000330923618550027,41.904613,-87.640552,0.721408338398257
140,4.94821038079025,0.000330923409868955,41.898969,-87.629912,1.30954091406769
141,2.53590157081816,0.000330923249969972,41.915689,-87.6346,0.861592483198214
142,5.14376762152853,0.15006808993717,41.894503,-87.617854,1.86109028253855
143,2.64255484929256,0.000330923916660009,41.922167,-87.638888,2.42018480184664
144,1.85804113820698,0.000330923174499009,41.921822,-87.64414,1.7871431454806
145,5.6994430261861,0.059223383092361,41.8985866514,-87.6219152258,1.24458000481267
146,1.15480874251571,0.000330923286804063,41.877945,-87.662007,0.292810260378099
147,1.18817647051158,0.000330923225910107,41.845435,-87.622176,1.64265782720921
148,0.967258624472961,0.000330923603085953,41.834734,-87.625813,1.10232117250627
149,1.46289686367004,0.000330923440120534,41.8349,-87.61793,3.54604382869966
150,5.30757600848985,0.29200693828067,41.838556,-87.608218,4.01996520695264
152,2.70068668516083,0.000330923245021486,41.932225,-87.658617,3.4230915574777
153,2.64749599567948,0.000330923338982991,41.935733,-87.663576,1.92247284464661
154,2.26863546566561,0.000330923272779837,41.93949,-87.66378,0.473629818305337
156,3.63709731851017,0.000330923360398527,41.9364968219,-87.6475386582,1.36245914665268
157,4.28488423570469,0.028811799985506,41.936669,-87.636794,1.190131368823
158,2.01067359518979,0.000330923413709994,41.912616,-87.681391,2.38921465197427
159,1.81017960740499,0.000330923626099988,41.907781,-87.685854,2.04640660416066
160,1.87141646998065,0.00033092370591703,41.910535,-87.689556,1.62839302207029
161,4.08089573095386,0.00033092333197704,41.8957647456,-87.6259080327,0.579376958821105
162,1.7790353202378,0.000330923502177671,41.93588,-87.67842,0.788448401526287
163,1.28127734173388,0.000330923735210042,41.931931,-87.677856,0.744949351862744
164,0.760005628895847,0.000330923555600049,41.885837,-87.6355,1.20401686878508
165,1.80126750893163,0.000330923610786016,41.95078,-87.659172,1.5071720265238
166,1.35033400610183,0.000330923528000016,41.92883,-87.668507,0.482571492651642
167,1.13769109300896,0.000330923721803322,41.8492,-87.67564,0.395814244707319
168,1.22620341252294,0.000330923399171512,41.864059,-87.623727,0.43507900574271
169,0.662990714876886,0.000330924115700015,41.874337,-87.639566,0.592660057927001
170,0.793809143854418,0.00033092302730009,41.85795,-87.640826,0.642557572577445
171,1.63124618680692,0.000330923848600007,41.855136,-87.654127,0.554051183491374
172,6.89901369602213,0.000330923158689989,41.9023087012,-87.627690528,0.615567460850754
173,4.58833691887734,0.000574300350079993,41.89691,-87.621743,0.218722109062075
174,1.67277293582381,0.000330923348100032,41.882091,-87.639833,2.15599538346327
175,1.57484906609687,0.000330924167800006,41.872373,-87.633523,1.13119414017985
176,6.57647116069872,0.000330923443510045,41.902973,-87.63128,0.51525941067551
177,6.95397161145739,0.417353580893,41.926277,-87.630834,0.971440088220335
178,1.21382965641934,0.000330923458999988,41.856594,-87.627542,0.782299992831468
179,2.09537005225442,0.000330923366580027,41.82256,-87.61615,0.650089269879732
180,9.21164369824198,0.24627232276548,41.906782,-87.626402,2.20392512855157
181,1.47846760789742,0.000330923553836016,41.890749,-87.63206,2.25576819024799
182,4.58387046165345,0.000330923422442675,41.903222,-87.634324,1.55061317851243
183,1.85056443228374,0.000330923585989962,41.899714,-87.677234,0.910155783945818
184,1.27635448929849,0.000330923585669995,41.83104,-87.62688,2.88777018847086
185,2.0420269238244,0.000330923889099943,41.917741,-87.691392,1.45194255766426
186,1.99655185176278,0.000330923587899989,41.891795,-87.658751,0.99541389305143
188,1.48931780735205,0.000330923793189997,41.92533,-87.6658,1.6318956609575
190,2.18212613436793,0.000330923485590939,41.928773,-87.663913,2.19700046133156
191,1.70001694022838,0.000330923230099978,41.880884,-87.639525,1.07689724821348
192,1.71314690404577,0.000330923835800023,41.879255,-87.639904,3.83553647328517
193,1.24118933350699,0.00033092331483997,41.841707,-87.626938,3.32624142898113
194,1.32970347875278,0.000330923640848968,41.886875,-87.62603,2.88007775997689
195,1.42624632711206,0.000640023036600046,41.884728,-87.619521,1.63431397803586
196,2.35150764686183,0.000744507669529937,41.890573,-87.622072,1.02439394197501
197,0.778609555025068,0.000330923503000013,41.882134,-87.625125,1.68012889364622
198,1.10241527216481,0.000330922856599969,41.881892,-87.648789,0.634883063984987
199,2.72065452359719,0.000330923660299964,41.891738,-87.626937,2.59096420282728
200,1.72608001663382,0.000330923539400008,41.809851,-87.616279,1.36794720238117
201,1.41250140555491,0.000330923466789979,41.82168,-87.6216,1.47595209298171
202,1.39554154208717,0.000330923574680009,41.857499,-87.646277,0.00229742882132244
203,1.34848386759773,0.000330923346600009,41.85394,-87.685243,1.35411976429209
204,0.856094424258301,0.000330923675658679,41.794853,-87.618691,2.17870207742194
205,1.98475856294766,0.00033092353100006,41.857901,-87.668745,1.66194216577747
206,0.666949374372869,0.000330923528200078,41.847203,-87.646795,3.38780678059894
207,1.58473656125022,0.00033092335885998,41.84358,-87.645368,1.95591468936283
208,1.4975901535566,0.000330923744100042,41.85381,-87.665897,1.47253431282834
209,0.788918291948975,0.000330923660909366,41.849527,-87.640591,2.67828376453772
210,2.72526163926631,0.000330923543700568,41.90345,-87.667747,2.18751433913159
211,3.21897750520989,0.000330923502428027,41.894448,-87.622663,2.01037236650993
212,1.28719507381522,0.000330923539530015,41.892154,-87.636928,3.79972097381769
213,1.75747899095593,0.000330923733027011,41.910153,-87.68229,1.75324160232789
214,1.6989747144306,0.000330923593032995,41.89122,-87.67686,1.25201360758713
215,0.867104062760804,0.000330923398999983,41.88137,-87.67493,1.79134622487039
216,1.3023352440933,0.000330923516045911,41.903029,-87.697474,1.03364346186403
217,0.787284337440885,0.000330923533370053,41.886773,-87.656001,1.82509613287027
218,0.775033858982693,0.000330923347690026,41.856802,-87.633879,0.211048989282063
219,2.1599784565939,0.000330923302599984,41.916027,-87.677411,5.60909041729408
220,5.80754999797929,0.000330923723670051,41.93262,-87.642385,2.33911212485169
222,2.27142036660928,0.000330923404742944,41.920195,-87.693033,1.96412912545334
223,1.20703009518655,0.000330923336089972,41.918216,-87.656936,3.705963023336
224,1.87298334009346,0.000330923473299993,41.913778,-87.64884,5.47228815707067
225,1.76536335369823,0.000330923378019987,41.919936,-87.64883,2.0352786398099
226,2.39057130301707,0.000330923437572017,41.939743,-87.658865,0.312880797747379
227,2.09374749728786,0.00033092344722796,41.94815,-87.66394,3.98170873151635
228,2.31753079489179,0.000330923750329948,41.9406,-87.6785,2.16723947022146
229,1.86261944079273,0.000330923378449977,41.943739,-87.66402,3.84270253624032
230,2.00440766935196,0.000330923472799949,41.94334,-87.67097,2.33366393891851
231,2.80684046445398,0.000330923598609978,41.96167,-87.65464,1.48953410445099
232,3.49337652680499,0.000330923361686053,41.949275,-87.646303,0.800187699020174
233,0.89709741932172,0.000330922914200005,41.883004,-87.651148,1.99481800979527
234,2.10995785512517,0.000330923285299933,41.961588,-87.666036,1.27913743456515
236,2.89331942273126,0.000330923595970978,41.907576,-87.638517,1.4889139474452
237,1.36476688226278,0.000330923556099982,41.842052,-87.617,2.30812410995924
238,2.42567919213237,0.000330923333601407,41.961615,-87.674365,1.49217562607917
239,2.63404228348372,0.000330923516457027,41.966555,-87.688487,2.40808863943304
240,2.79840387637473,0.000330923614323964,41.954245,-87.654406,1.77690756250866
241,0.648521678200946,0.000330923655699977,41.871737,-87.65103,2.15919017680777
242,2.43523199900122,0.000330923358750068,41.967094,-87.679028,1.87169188135049
243,1.91581218044555,0.000330923705848529,41.962391,-87.684146,1.78684859016712
244,1.83167639215644,0.000330923634330627,41.95469,-87.67393,1.12493854091835
245,3.01112979062763,0.000330923531191685,41.961004,-87.649603,2.30260032419059
246,2.29749308716749,0.000330923565700081,41.956061,-87.668869,4.47853266572605
247,4.10804985477482,0.190148820031879,41.795212,-87.580715,1.53959229541168
248,1.53312151903427,0.000330923672966055,41.795264,-87.596471,2.75696492176134
249,5.24606112675882,0.306010466566,41.963982,-87.638181,2.15024850246147
250,1.60507902380589,0.000330923470099997,41.936083,-87.669807,2.39316805656483
251,2.50446485024081,0.000330923113080028,41.967968,-87.650001,3.02696374893989
252,1.65186430912869,0.000330923516689952,41.809835,-87.599383,1.93269056259847
253,2.87260293547152,0.000330923560977969,41.968873,-87.658857,0.364286411187289
254,3.86812513554433,0.000330923743720013,41.954383,-87.648043,1.51078174666102
255,1.18189006820792,0.000330923928889004,41.867888,-87.623041,0.913221164653661
256,3.66115202437384,0.00033092352879005,41.952833,-87.649993,1.35503001024479
257,1.91882165183794,0.00033092340705998,41.94911,-87.675112,1.48228350937343
258,0.900362912350946,0.000330923567142039,41.930584,-87.685126,0.948554961801803
259,2.4145406279723,0.000330923742044686,41.918121,-87.696972,2.15466138730138
260,2.89378462904621,0.000330923360900015,41.929567,-87.707857,0.5835310183877
261,0.807153689410232,0.000330923480900025,41.871514,-87.669886,1.60711422461095
262,1.77805895458374,0.000330923372363956,41.827059,-87.64572,0.593271336634895
263,1.19868069245384,0.000330923407037997,41.836208,-87.613533,0.824402464550695
264,1.36725410125335,0.000330923575464048,41.886835,-87.62232,2.07621203985692
265,1.16978971304067,0.00033092337880003,41.822985,-87.6071,2.06172871472188
267,1.30289903185294,0.000331248332600009,41.809443,-87.591875,0.809339069946122
268,4.27056088571224,0.16081926249714,41.911722,-87.626804,2.00493768810074
270,1.52336436422936,0.000330923568200081,41.7586696704,-87.586882871,2.07477085357454
271,1.19279376318635,0.000330923522174009,41.816499,-87.606582,2.30379161793278
272,1.35954163489781,0.000330923406268391,41.838842,-87.621857,2.7642111593428
273,0.904030046973393,0.000330923296870012,41.857813,-87.62455,0.697300654563936
274,1.43926799590837,0.000330923103790015,41.861267,-87.656625,1.97619413306382
275,1.22143124747019,0.000330923807999928,41.865234,-87.666507,0.42935434725708
276,2.17184584429165,0.000330923778179004,41.91044,-87.6972,1.58953883033152
277,1.40086061398,0.000330923546999928,41.891072,-87.666611,2.03220890160596
278,2.12642259659935,0.000330923478781719,41.830629,-87.64129,0.282065986319467
279,1.60969037139749,0.000330923462700028,41.830661,-87.647172,1.98051311756629
280,2.13501079721064,0.000330923512347314,41.8378,-87.65114,2.44995908318597
281,1.23293210056796,0.000330923624317636,41.84847,-87.685109,3.32683053960808
282,0.472088193268069,0.000330923722679954,41.864883,-87.647071,2.7307111443293
283,0.760478301521219,0.000330923893899993,41.87817,-87.631985,2.00634771957999
284,0.580266841707927,0.000330923572349984,41.87785,-87.62408,2.14701819681775
285,1.56863908508871,0.000330923651900017,41.889587,-87.671956,2.34642067248559
286,0.831660921539519,0.000330923969700025,41.878724,-87.634793,0.31698128902516
287,0.804837665713552,0.000330923776399983,41.880317,-87.635185,0.854346354487223
288,1.74600965904269,0.000330923269326933,41.918084,-87.643749,1.43711119102598
289,3.8200305795126,0.000330923368100033,41.912133,-87.634656,2.17754651371991
290,1.88085186229936,0.000330923674130013,41.921525,-87.707322,1.3113480068734
291,3.87482896132392,0.00033092323210604,41.906724,-87.63483,0.368395807980588
292,1.71165319144492,0.00033092340359997,41.957081,-87.664199,0.289504872479856
293,3.33338922089202,0.000330923788710025,41.965485,-87.657238,0.879725616006723
294,3.04505605306882,0.000330923447290021,41.978353,-87.659753,1.40216563178782
295,2.458471309156,0.000330923610096012,41.972972,-87.659637,2.07622097259005
296,4.28606816378466,0.000330923393988436,41.940106,-87.645451,2.09262304746403
297,2.29588093507208,0.000330922907709974,41.961507,-87.671387,1.41165600305959
298,1.4641811120049,0.000330923564600072,41.955927,-87.679259,1.86307591756697
299,3.28147606574037,0.000330923664369931,41.94367,-87.64895,1.56709542801273
300,5.65925693620601,0.000330923297982011,41.937725,-87.644095,2.78383896462345
301,5.26018445495659,0.000330923414129991,41.907993,-87.631501,3.29506626663662
302,2.279424110647,0.000330923354959989,41.928712,-87.653833,1.53902562504185
303,3.9069792263123,0.000330923606760014,41.945512,-87.64598,1.1877041190115
304,3.61311092958203,0.000330923723870002,41.949065,-87.648601,0.106228570882014
305,1.83848833600844,0.000330923420691964,41.902893,-87.687275,1.45346860312667
306,2.51973211634966,0.00033092331233997,41.958494,-87.654966,0.41902949317378
307,0.808968572112892,0.000330923615000089,41.920771,-87.663712,1.35441431960557
308,2.1113306862929,0.00033092349428232,41.943403,-87.679618,1.37247610075804
309,2.30390007571174,0.000330923373149994,41.917805,-87.682437,0.268187676315179
310,1.42098072242126,0.000330923305829955,41.920082,-87.677855,0.285912145997356
311,2.63402774414063,0.000330923510879599,41.968885,-87.684001,1.83754937839073
312,3.63639236625964,0.000330923312746978,41.957879,-87.649519,1.37448842422301
313,3.20796907707012,0.000330923689178308,41.925858,-87.638973,0.628984438959876
314,1.91371773232089,0.000330923661099991,41.957921,-87.673567,0.770395552660761
315,0.686407999473991,0.000330923498201963,41.912919,-87.664169,0.342686315096495
316,2.32461023994852,0.000330923773199987,41.96325,-87.679258,0.98947507161959
317,0.580345605702435,0.000330923707560049,41.869154,-87.671045,1.17880264107193
318,1.93802037253784,0.000330923212743972,41.954177,-87.664358,0.757121386288001
319,2.07643739140161,0.000330923402499961,41.932595,-87.665939,0.372487393742852
320,1.72924792936873,0.000330923523490068,41.872187,-87.661501,0.317619338268652
321,2.09491559869605,0.000330923659899951,41.871962,-87.626106,0.567008572034481
322,2.23164108863067,0.000330923793379956,41.799568,-87.594747,0.659218309419032
323,3.62956424851549,0.000330923574043074,41.969517,-87.654691,0.680974560572083
324,3.78933216195425,0.000330923779757963,41.93132,-87.638742,1.94871768934552
325,2.10815352632131,0.000330923537300021,41.973385,-87.668365,0.20003341705258
326,1.90120563364211,0.000330923478700007,41.967096,-87.667429,2.17233950578092
327,1.87982462531672,0.00033092344291008,41.92154,-87.653818,1.83898598943607
328,0.600259788326598,0.00033092345178598,41.788746,-87.601334,2.38303508847633
329,2.24954173452363,0.000519105424700017,41.932684,-87.63625,1.29299613632782
330,1.8944424231416,0.000330923235849934,41.946176,-87.673308,1.92191053132668
331,0.614504258335856,0.000330924049300019,41.908537,-87.648627,1.68546084785531
332,2.91158198904778,0.000330923785588966,41.933666,-87.648959,2.83466459024668
333,2.39109966557572,0.000330923560490026,41.907066,-87.667252,4.19710282207821
334,4.56124919072144,0.000330923253630044,41.940775,-87.639192,1.59678495904251
335,1.91899225519214,0.000330923692960061,41.831379,-87.618034,3.73865998296347
336,1.86303249477334,0.00033092354166997,41.809855,-87.606755,2.58444084600552
337,3.64889504465055,0.000330923620302959,41.896544,-87.630931,1.93170885656545
338,0.620457865273337,0.00033092357060005,41.857611,-87.619407,1.38010589258815
339,2.3998730023006,0.000330923451529963,41.838198,-87.645143,2.38639938199374
340,4.70600537682156,0.000330923417738993,41.929546,-87.643118,1.95514736357077
341,11.0381693152242,0.697259607107,41.866095,-87.607267,1.58202940998065
342,0.726738003938589,0.00033092362248488,41.871262,-87.673688,0.525374568179167
343,2.71644385812115,0.000330923533699456,41.928887,-87.658971,1.6697371002844
344,1.83104525888916,0.00033092354191111,41.96909,-87.674237,2.50098536378524
345,1.94818644940981,0.000330923590569965,41.793242,-87.587782,2.9319295366655
346,0.668246598697388,0.000330923278380024,41.88283,-87.661206,1.81876014079532
347,2.30934596573338,0.000330923474569977,41.950687,-87.6687,0.864001868435819
348,1.55594901297195,0.000330923271104067,41.854016,-87.695445,1.78701830808098
349,2.17356742106694,0.000330923546267181,41.929143,-87.649077,2.41723554399242
350,2.23763076104002,0.000330923479699985,41.895966,-87.667747,1.34648550609541
351,1.81967758400418,0.000330923427759977,41.803038,-87.606615,1.43024436749183
352,1.59614417076828,0.00033092306849003,41.7735175513,-87.5771428255,2.06904641282986
353,2.28583047633086,0.000330923482028234,42.0125601154,-87.6743671152,3.22440303028262
354,5.25843528427872,0.1701491204826,42.0105865628,-87.6624120948,1.74354589241875
355,7.26758886831475,0.3597943742605,41.7736688477,-87.56733865,1.73584910687488
356,2.2791868159339,0.000330923766569957,41.7664929373,-87.5864608775,0.760597227868185
359,1.18597790039459,0.000330923683660944,41.90348607,-87.6433534936,4.09534002276899
364,1.0631904921742,0.000330923370500003,41.9002194932,-87.6429854676,0.54242795486206
365,0.477983997460144,0.000330923273899941,41.8993684392,-87.6484798752,1.08436200623725
366,1.56762749373138,0.00033092337889995,41.8416325396,-87.6574349533,1.78261871302411
367,0.864922045315408,0.000330923420200024,41.8306961125,-87.6559759116,1.53840089279902
368,0.589281388928595,0.000330923495150071,41.839208684,-87.6656098589,1.01196313671168
369,1.66520710418916,0.000330923293899943,41.8301046542,-87.6702983089,1.99651366430106
370,0.475427159250886,0.000330923734999988,41.8541842495,-87.6191537415,4.24533147952989
372,0.775499740207796,0.000330923421600016,41.900146,-87.702882,1.4263714645852
373,0.835001844123905,0.000330923536200012,41.8954653031,-87.7061278837,1.12523298736136
374,1.87404645199767,0.000330923583480525,41.8984176894,-87.6865960164,0.852869437718496
375,0.644922455173965,0.000330923276000039,41.889727,-87.70103,1.12495193957187
376,0.964977638938108,0.000330923488599977,41.8894918198,-87.6882193648,0.871172179570393
377,1.73050431932103,0.000330923454500032,41.884603285,-87.7063037436,2.42985371444875
378,0.992475354331956,0.000330923471300038,41.8844539566,-87.6962981368,2.18646574780909
381,1.43240935167561,0.000330923247000015,41.8797877089,-87.686112808,0.984678524106744
382,1.45402431093224,0.000330923728793953,41.8747488508,-87.6864452757,1.44580743875249
383,1.17964942511335,0.000330923033200037,41.8742906142,-87.6672456361,2.20409484646543
384,0.743544727247987,0.000330923553000018,41.8018316405,-87.645213904,0.718271606480565
385,0.784442090151957,0.000330923430099994,41.794982,-87.633124,1.24209033607828
386,1.2787238000398,0.000330923365422731,41.792929646,-87.6449900565,0.518579041419628
388,1.23639704034612,0.000330923243500036,41.7793811423,-87.6446208145,1.24358500855042
390,0.795582199122145,0.000330923515740045,41.7800796326,-87.6297463052,0.292406444932707
391,2.27715151197522,0.000330923513150005,41.7690617203,-87.6446135779,2.04565692564773
392,1.34095017308721,0.000330923725470056,41.7692930899,-87.6281959291,1.83530056103909
393,1.75284722208294,0.000330923250839943,41.7655080058,-87.616917925,2.60561267108532
394,2.08791008563179,0.000330923698650065,41.870816,-87.631246,3.51959811083759
395,1.28179666795621,0.000330923610768918,41.757120068,-87.5758393587,0.689532463374981
396,1.72842478360478,0.000330923458690013,41.758768,-87.56644,1.60201876473472
397,1.87643829976627,0.000330923315364995,41.7587458371,-87.5601147813,2.83234431281472
398,4.36090172725164,0.241308279899544,41.7578714483,-87.54938625,1.88230219470842
399,5.337741894922,0.2182633473093,41.7621889604,-87.55927465,0.196217159542696
400,1.05263222233728,0.000330923379762926,41.765719037,-87.604959713,0.914921176655545
401,1.40027400315746,0.000330923545799999,41.842733,-87.635491,1.78547886351888
402,1.14303381482392,0.000330923675999961,41.838464,-87.635406,0.997573494173138
403,0.830909098899055,0.000330923382395931,41.8345298856,-87.6318229814,0.317356101064004
406,1.60526353272536,0.000330923591010057,41.8312742355,-87.6087991946,1.05052734837401
407,1.42848317685082,0.000330923525100002,41.823015238,-87.6265680185,0.676334169013875
408,0.808581434602697,0.000330923184900023,41.8176380893,-87.6435650276,1.04188905275765
409,0.817657731080905,0.000330923418999984,41.8162076786,-87.6348193497,1.04478482442211
410,1.54928881963422,0.000330923580480036,41.816658893,-87.6194124619,1.03357211065418
411,0.759621952655827,0.000330923426990037,41.8081339148,-87.6456165545,0.925419942396898
412,0.813463985903237,0.000330923680030071,41.8093177092,-87.633449288,0.338835689587467
413,1.31923103679891,0.000330923335009947,41.8140927105,-87.5970051479,2.07681901595014
414,0.440681125102683,0.000330923809084505,41.870257,-87.639474,0.930921505649372
415,1.77257267701324,0.000330923735670008,41.8022946509,-87.6180535802,0.976910387353026
416,1.75129845494755,0.000330923529400007,41.805772,-87.592464,1.94185075694089
417,2.30279527742074,0.000330923268500039,41.802406,-87.586924,1.29894835641318
418,2.57730666843844,0.000330923493499946,41.7993362626,-87.6009581145,2.9169910887772
419,2.77986828364864,0.000330923528719995,41.7994942937,-87.5864498959,0.678168005137557
420,1.19756299841688,0.00033092340506502,41.7943006205,-87.6014497734,0.420568882854458
421,0.863057130825939,0.000330923361700042,41.7934294566,-87.6158532619,0.778324366170922
422,0.45260603446952,0.000330923555387441,41.7915680106,-87.6078521774,0.272610337812875
423,0.654311571572429,0.000330923671739924,41.791478,-87.599861,1.80098855746023
424,1.27704060138616,0.00180599030070006,41.7917282095,-87.583945009,0.781456632168236
425,1.14769642562552,0.000330923554999973,41.7879428129,-87.5883151702,2.11065367381338
426,1.0423304624373,0.000330923666297056,41.7850971464,-87.6010727606,2.56534833855063
427,1.92018499947952,0.000330923693529939,41.7805990148,-87.606112388,1.78702724036793
428,0.849775346957954,0.000330923417095841,41.7804056457,-87.5914159893,2.27270098771069
429,1.76657176626326,0.000330923684680018,41.773720952,-87.60563486,0.611462530424024
430,1.49237514604423,0.000330923578540032,41.7800806366,-87.6159428567,2.31465639951413
431,1.78921166036132,0.000330923304200037,41.7841416932,-87.6133078304,1.87531478240027
432,2.63354987955377,0.000330923503299996,42.009074,-87.67419,2.34758516892076
433,1.35952564558274,0.000330923485188817,41.8735996746,-87.7048707493,3.71513650790764
434,0.832652857814107,0.000330923691799989,41.8665014832,-87.68469707,1.75613290807197
435,1.340489788821,0.000330923588121923,41.8664927817,-87.7064961757,3.2683392832441
436,0.977110043426606,0.000330923473999989,41.866624,-87.694521,0.452270682913969
437,0.769107777974022,0.00033092348779995,41.86148,-87.693374,2.80171773807902
438,2.21823483850365,0.000330923313960008,41.8542043133,-87.7154058381,0.871828066616347
439,1.5436702996811,0.000330923410640005,41.8535336321,-87.7050730318,0.658406211983203
440,2.06320984792705,0.00033092346329,41.8498819465,-87.7170003853,0.528243542536597
441,2.1811895247569,0.000330923464227362,41.8481909449,-87.7054137458,0.917343960100473
442,2.19732136472611,0.000330923617000045,41.8491096918,-87.6951398068,0.344181042450066
443,2.42521264186465,0.000330923783365522,41.8445668489,-87.7159103081,0.166835528267766
444,1.52745054310055,0.000330924081400008,41.8444750137,-87.7020130128,0.612412918348219
445,1.35072797184904,0.000330924025479962,41.8440400313,-87.6952959227,0.904810430637028
446,0.641526374806366,0.000330923582499976,41.8415177081,-87.6851314409,1.40682383437706
447,3.04287823323989,0.000330923313393017,42.0079719229,-87.6655023944,1.18088631574674
448,1.18141537198662,0.000330923687299922,42.0045496219,-87.6806661451,1.83315871606699
449,2.23547387284399,0.000330923695910035,42.0044506293,-87.6724024047,1.88049956782309
450,1.85018416593092,0.000330923528999993,42.0020072639,-87.6897262325,4.78109468418409
451,2.2227024473912,0.000330923341079981,42.0010437798,-87.6611982433,4.13373898243783
452,1.86784917830946,0.000330923452287135,41.994161369,-87.689438282,2.04319394534988
453,1.9932448199047,0.000330923758329993,41.9992518219,-87.6713773393,3.69979653188015
454,3.85141934139953,0.000330923427670049,41.9947796884,-87.6602845349,4.33610901690806
455,1.79075097925202,0.00033092344811203,41.9902360287,-87.6933696402,1.86244236190767
456,1.35989842109211,0.000330923797129956,41.991178,-87.683593,2.57003791368395
457,1.76489248416523,0.000330923469505029,41.9908937497,-87.6695833982,0.879252627787196
458,4.03192601689653,0.000330923593220178,41.9897425114,-87.6601406209,2.10195295972031
459,7.14950523217001,0.313420690230392,41.9840366961,-87.6523104689,1.79184601039695
460,2.20376100454354,0.000330923350450041,41.983593,-87.669154,2.2158607235254
461,3.21895259445282,0.000330923544709982,41.9840446107,-87.6602738295,2.36576743042294
462,1.33719443608402,0.000330923262999994,41.9797702175,-87.6758147283,1.55947446004528
463,2.46250437334197,0.000330923362780067,41.9779966544,-87.6680471047,1.54294754777168
464,2.03530549812322,0.000330923455299947,41.9756148046,-87.6794590387,1.24745791145705
465,2.17266884894012,0.015837966500559,41.9716,-87.650154,1.94717388773351
466,1.80128641497436,0.000330923462240063,42.0121322774,-87.6829126443,4.69819258031964
467,1.27669524022855,0.000330923248106907,42.0085943972,-87.6904922389,2.29467586817652
468,2.08044984392885,0.000330923781377002,41.9836647089,-87.6964225611,0.885825004878342
469,1.18839304415568,0.000330923603700017,41.9803942348,-87.7161149615,0.339687928548597
470,1.51041616426956,0.000330923732450028,41.975672,-87.709261,0.353408285387669
471,1.23560328991951,0.000330923501040026,41.9756327252,-87.7014194389,2.0350466122898
472,1.68922917575078,0.000330923535699967,41.9749112968,-87.6925025594,2.14897681590581
474,2.38584658140705,0.000330922996529925,41.9683544936,-87.7118306675,2.00286730320896
475,2.35759567535145,0.000330923250694948,41.9687110686,-87.6961695698,2.79662227775661
476,2.36281342647579,0.00033092332627993,41.966686362,-87.7080519806,3.04376713376594
477,2.04184073666148,0.000330923271550043,41.9663175288,-87.7010826773,1.62654137536176
478,2.85626325782994,0.000330923099234992,41.9659001398,-87.6936384935,1.8667033938538
479,2.21686381012095,0.000330923568120034,41.9611540757,-87.7165690733,1.48273863212669
480,2.41319275390532,0.000330923780159975,41.961041,-87.705866,2.03914707634996
481,1.97852644173653,0.000330923524360038,41.961068,-87.695439,0.478484372809755
482,2.23311927843832,0.000330923857070009,41.9615259329,-87.6911650414,1.26814334921762
483,1.66984678220261,0.000330923644699999,41.953393,-87.732002,0.801236290342671
484,1.73595328065044,0.000330923539741068,41.9540048388,-87.7191281797,3.15020142500125
485,2.27328826612646,0.000330923786585058,41.9535861789,-87.7093107999,2.7881849641739
486,1.6692535630026,0.000330923785390014,41.9543408522,-87.6860796243,1.29978714228556
487,1.3960317422366,0.000330923376710035,41.9521621933,-87.698051113,1.0419113841443
488,1.77811365155275,0.000330923300140284,41.9456364409,-87.7277368138,0.904685484366938
489,1.49806662299362,0.000330923658700022,41.9467818489,-87.7164215221,1.45401740847642
490,1.53879810744292,0.000330923428350061,41.9452435685,-87.7066499009,0.890144206675566
491,0.671038663957405,0.000330923493299995,41.9466358306,-87.694614758,3.31899976619051
492,2.28722444532238,0.000330923633784064,41.946577,-87.683345,2.71298836307646
493,1.30803032059534,0.000330923652909987,41.9430261645,-87.6873945352,1.0358565491755
494,1.25663764469707,0.000330923284200035,41.9823970848,-87.7089225202,1.37261880362393
495,1.80207029993957,0.000330923468858879,41.9611080162,-87.7289701012,0.899313442621596
496,1.52089169391047,0.000330923588063969,41.9394483917,-87.7235538329,1.47981606315521
497,1.77646480229632,0.000330923293699992,41.939398,-87.711561,2.07168325035052
498,1.28619086315281,0.00033092344900687,41.9384287915,-87.698007756,1.58757999305632
499,2.32260500378637,0.000330923716010068,41.9305853714,-87.7237773635,0.988832583673339
500,2.42365728769364,0.000330923517749993,41.9353372826,-87.7168892935,1.27235089497398
501,2.0837669396389,0.000330923580600051,41.9319019689,-87.7011951301,1.1509112705609
502,1.98809944225605,0.000330923410290063,41.926618,-87.697899,2.79464121841142
503,2.73779777198747,0.000330923382319992,41.924398819,-87.7154410355,2.02312888233605
504,1.79815803491603,0.000330923313670017,41.9246324716,-87.6893070063,1.31215117157609
505,0.939498239275196,0.000330923275499995,41.9240908504,-87.6764600747,0.986115244468742
506,2.30176065088441,0.000330923459360033,41.9171837515,-87.7103566522,2.68587335951492
507,2.1680711512887,0.000330923690990303,41.917513394,-87.7018089555,1.82940182714351
508,1.99744765220932,0.000330923445303943,41.9096568756,-87.7166319516,2.90646095004559
509,1.28639510704509,0.000330923706074016,41.9097693017,-87.7052804871,1.81318275996643
510,1.37730228746034,0.000330923344620038,41.9027065944,-87.709219571,1.73146759502523
511,1.98157526096142,0.000330923537870009,41.9140267127,-87.705126462,2.96382779795685
